<?xml version="1.0" encoding="UTF-8" standalone="yes"?>
<addon id="plugin.video.TVsupertuga" name="[COLOR red]TVsupertuga[/COLOR]" version="0.0.3" provider-name="TVsupertuga">
  <requires>
    <import addon="xbmc.python" version="2.1.0"/>
    <import addon="script.module.beautifulsoup" version="3.2.1"/>
    <import addon="script.module.simple.downloader" version="0.9.4"/>
    <import addon="script.module.beautifulsoup4" />
    <import addon="script.module.simple.downloader" version="0.9.4"/>
    <import addon="script.module.requests" />
    <import addon="script.module.httplib2" />
    <import addon="script.module.youtube.dl" optional="true"/>
    <import addon="plugin.video.youtube" />
    <import addon="script.module.urlresolver" optional="true"/>
    <import addon="script.module.simplejson" /> 
	<import addon="script.module.livestreamer" optional="true"/>
  </requires>
  <extension point="xbmc.python.pluginsource" library="default.py">
    <provides>video</provides>
  </extension>
  <extension point="xbmc.addon.metadata">
    <summary>[COLOR red]TV-SUPERTUGA[/COLOR][COLOR yello]Add-on 2016[/COLOR] basado en LivetreamsPro   </summary>
    <description lang="en">[COLOR blue][B]NEW LIST OF CHANNELS FOR IPTV AND PLAYLIST KODI.
	
	                        Welcome to TVsupertuga
							
All these streams can be easily found over the internet...
We do not have any server or broadcast any kind of signal...
All these streams are the result of many hours 
of research over the Internet.
CHANNELS REQUESTS OR MORE INFORMATION PLEASE
SEND E MAIL: tvsupertuga@gmail.com[/B][/COLOR]</description>
    <platform>all</platform>
  </extension>
</addon>

